link,type,location,price,views
https://www.digitalrenter.com/en/Studio/Mile%204/Limbe/studios-at-rong-soon-mansion-291,Studio,"Mile 4, Limbe","55,000 FCFA",697
https://www.digitalrenter.com/en/Guest%20House/Check%20Point/Buea/home-away-from-home-285,"Home away  - 
				
		  		Guest House","Check Point, Buea",  ,322
https://www.digitalrenter.com/en/Guest%20House/Check%20Point/Buea/home-away-from-home-285,"Home away  - 
				
		  		Guest House","Check Point, Buea",,322
https://www.digitalrenter.com/en/Single%20Room/Bonduma/Buea/nice-room-close-to-the-road-224,Single Room,"Bonduma, Buea","30,000 FCFA",533
https://www.digitalrenter.com/en/Single%20Room/Paramount%20-%20St%20Clair/Buea/cite-room-for-rent-143,Single Room,"Paramount - St Clair, Buea","25,000 FCFA",846
https://www.digitalrenter.com/en/Apartment/Sandpit/Buea/grandiose-apartment-for-sale-53,House - apartment(s),"Sandpit, Buea",  ,2283
https://www.digitalrenter.com/en/Apartment/Sandpit/Buea/grandiose-apartment-for-sale-53,House - apartment(s),"Sandpit, Buea",,2283
https://www.digitalrenter.com/en/Apartment/Bomaka/Buea/elegant-apartments-46,Apartment,"Bomaka, Buea","70,000 FCFA",2006
https://www.digitalrenter.com/en/Guest%20House/Bonduma/Buea/parklane-solutions-119,"Parklane S - 
				
		  		Guest House","Bonduma, Buea",,1820
https://www.digitalrenter.com/en/Single%20Room/Molyko/Buea/hostel-apmt-xtra-space-67,House - single room(s),"Molyko, Buea","240,000,000 FCFA",1651
https://www.digitalrenter.com/en/Apartment/Bomaka/Buea/eloquent-apartment-47,Apartment,"Bomaka, Buea","65,000 FCFA",1644
https://www.digitalrenter.com/en/Apartment/Mile%202/Limbe/apartment-in-fenced-compound-131,Apartment,"Mile 2, Limbe",,1595
https://www.digitalrenter.com/en/Single%20Room/Malingo/Buea/beautiful-student-room-34,Single Room,"Malingo, Buea","485,000 FCFA",1465
https://www.digitalrenter.com/en/Apartment/Check%20Point/Buea/big-beautiful-fenced-apartment-74,Apartment,"Check Point, Buea","100,000 FCFA",1456
https://www.digitalrenter.com/en/Apartment/Molyko/Buea/apartment-at-strategic-position-96,Apartment,"Molyko, Buea",  ,1435
https://www.digitalrenter.com/en/Apartment/Molyko/Buea/apartment-at-strategic-position-96,Apartment,"Molyko, Buea",,1435
https://www.digitalrenter.com/en/Single%20Room/Malingo/Buea/nice-spacious-room-44,Single Room,"Malingo, Buea","21,000 FCFA",1351
https://www.digitalrenter.com/en/Apartment/Malingo/Buea/spacious-apartment-45,Apartment,"Malingo, Buea","80,000 FCFA",1338
https://www.digitalrenter.com/en/Studio/Muea/Muea/studio-inside-irish-park-121,Studio,Muea,"35,000 FCFA",1284
https://www.digitalrenter.com/en/Apartment/Bonduma/Buea/new-spacious-apartment-40,Apartment,"Bonduma, Buea","100,000 FCFA",1273
https://www.digitalrenter.com/en/Studio/Bomaka/Buea/elegant-studio-48,Studio,"Bomaka, Buea","50,000 FCFA",1245
https://www.digitalrenter.com/en/Studio/Bomaka/Buea/awesome-studio-28,Studio,"Bomaka, Buea","50,000 FCFA",1243
https://www.digitalrenter.com/en/Store/Malingo/Buea/store-for-rent-59,Store,"Malingo, Buea","25,000 FCFA",1241
https://www.digitalrenter.com/en/Duplex/Muea/Muea/amazing-duplex-7,Duplex,Muea,"300,000 FCFA",1241
https://www.digitalrenter.com/en/Studio/Muea/Muea/comfortable-home-6,Studio,Muea,"40,000 FCFA",1227
https://www.digitalrenter.com/en/Single%20Room/Dirty%20South/Buea/single-room-for-rent-in-molyko-84,Single Room,"Dirty South, Buea","450,000 FCFA",1218
https://www.digitalrenter.com/en/Studio/Malingo/Buea/comfortable-studio-33,Studio,"Malingo, Buea","55,000 FCFA",1218
https://www.digitalrenter.com/en/Single%20Room/Molyko/Buea/single-room-with-external-bath-195,Single Room,"Molyko, Buea","2,000 FCFA",256
https://www.digitalrenter.com/en/Studio/Bakweri%20Town/Buea/a-studio-for-rent-204,Studio,"Bakweri Town, Buea","50,000 FCFA",254
https://www.digitalrenter.com/en/Studio/Check%20Point/Buea/studio-to-let-287,Studio,"Check Point, Buea","35,000 FCFA",248
https://www.digitalrenter.com/en/Single%20Room/Malingo/Buea/room-and-toilet-in-cool-env-189,Single Room,"Malingo, Buea","2,500 FCFA",237
https://www.digitalrenter.com/en/Apartment/Bakweri%20Town/Buea/apartment-to-let-243,Apartment,"Bakweri Town, Buea","100,000 FCFA",229
https://www.digitalrenter.com/en/Studio/Santa%20Barbara/Buea/studio-to-let-305,Studio,"Santa Barbara, Buea","40,000 FCFA",210
https://www.digitalrenter.com/en/Apartment/Buea/Buea/3-bedrooms-apartment-to-let-238,Apartment,Buea,"70,000 FCFA",207
https://www.digitalrenter.com/en/Apartment/Santa%20Barbara/Buea/apartment-to-let-303,Apartment,"Santa Barbara, Buea","90,000 FCFA",154
https://www.digitalrenter.com/en/Apartment/Buea%20Town/Buea/a-newly-constructed-studio-343,Apartment,"Buea Town, Buea","45,000 FCFA",2
https://www.digitalrenter.com/en/land/Limbe/Limbe/vast-estate-along-limbe-road-4sale-64,plot of land for sale,Limbe,  ,2163
https://www.digitalrenter.com/en/land/Limbe/Limbe/vast-estate-along-limbe-road-4sale-64,plot of land for sale,Limbe,,2163
https://www.digitalrenter.com/en/land/Limbe/Limbe/1-hectare-wide-estate-for-sale-65,plot of land for sale,Limbe,  ,1965
https://www.digitalrenter.com/en/land/Limbe/Limbe/1-hectare-wide-estate-for-sale-65,plot of land for sale,Limbe,,1965
https://www.digitalrenter.com/en/land/Mile%2016/Mile%2016/land-for-sale-2k-area-61,plot of land for sale,Mile 16,"19,000,000 FCFA",1329
https://www.digitalrenter.com/en/land/Bonduma/Buea/land-for-a-large-house-prking-62,plot of land for sale,"Bonduma, Buea","12,000,000 FCFA",1872
https://www.digitalrenter.com/en/land/Limbe/Limbe/land-4sale-around-limbe-stadiu-132,plot of land for sale,Limbe,"5,500,000 FCFA",593
https://www.digitalrenter.com/en/Single%20Room/Sosoliso/Buea/a-room-kitchen-and-toilet-77,Single Room,"Sosoliso, Buea","390,000 FCFA",802
https://www.digitalrenter.com/en/Apartment/Mile%2018/Mile%2018/new-apartment-for-rent-107,Apartment,Mile 18,"60,000 FCFA",792
https://www.digitalrenter.com/en/Apartment/Check%20Point/Buea/very-clean-apartment-to-let-158,Apartment,"Check Point, Buea","70,000 FCFA",733
https://www.digitalrenter.com/en/Store/Molyko/Buea/spacious-business-halloffice-157,Store,"Molyko, Buea","300,000 FCFA",728
https://www.digitalrenter.com/en/Apartment/Bonduma/Buea/a-classic-newly-built-apartmt-160,Apartment,"Bonduma, Buea","80,000 FCFA",681
https://www.digitalrenter.com/en/Apartment/Mile%2018/Mile%2018/apartment-for-rent-105,Apartment,Mile 18,"150,000 FCFA",653
https://www.digitalrenter.com/en/Apartment/Check%20Point/Buea/clean-and-spacious-apartment-186,Apartment,"Check Point, Buea","100,000 FCFA",627
https://www.digitalrenter.com/en/Single%20Room/Mile%2017/Buea/comfy-single-room-in-crystalan-162,Single Room,"Mile 17, Buea","350,000 FCFA",570
https://www.digitalrenter.com/en/Studio/Mile%2017/Buea/comfy-apartment-in-crystalan-163,Studio,"Mile 17, Buea","650,000 FCFA",559
https://www.digitalrenter.com/en/Single%20Room/Molyko/Buea/nice-single-room-to-let-154,Single Room,"Molyko, Buea","240,000 FCFA",556
https://www.digitalrenter.com/en/Store/Bonduma/Buea/store-under-finishing-for-rent-142,Store,"Bonduma, Buea","50,000 FCFA",529
https://www.digitalrenter.com/en/Guest%20House/Camsic/Buea/mon-tresor-suites-220,"Mon Tr√©so - 
				
		  		Guest House","Camsic, Buea",,523
https://www.digitalrenter.com/en/Apartment/Paramount%20-%20St%20Clair/Buea/a-2-bedroom-apartment-155,Apartment,"Paramount - St Clair, Buea","50,000 FCFA",507
https://www.digitalrenter.com/en/Guest%20House/Molyko/Buea/oxford-guest-haus-212,"Oxford Gue - 
				
		  		Guest House","Molyko, Buea",,481
https://www.digitalrenter.com/en/Apartment/Camsic/Buea/apartment-with-good-security-219,Apartment,"Camsic, Buea",,471
https://www.digitalrenter.com/en/Apartment/Bonduma/Buea/large-officebank-space-228,Apartment,"Bonduma, Buea","1,000,000 FCFA",441
https://www.digitalrenter.com/en/Single%20Room/Santa%20Barbara/Buea/single-room-to-let-271,Single Room,"Santa Barbara, Buea","20,000 FCFA",427
https://www.digitalrenter.com/en/Single%20Room/Dirty%20South/Buea/single-room-for-rent-in-molyko-205,Single Room,"Dirty South, Buea","25,000 FCFA",403
https://www.digitalrenter.com/en/Store/Bakweri%20Town/Buea/a-business-store-to-let-207,Store,"Bakweri Town, Buea","50,000 FCFA",396
https://www.digitalrenter.com/en/Apartment/Winners%20Chapel/Buea/nice-clean-apartment-to-let-273,Apartment,"Winners Chapel, Buea","60,000 FCFA",389
https://www.digitalrenter.com/en/Studio/Winners%20Chapel/Buea/studio-to-let-279,Studio,"Winners Chapel, Buea","50,000 FCFA",382
https://www.digitalrenter.com/en/Apartment/Buea/Buea/apartment-to-let-261,Apartment,Buea,"70,000 FCFA",361
https://www.digitalrenter.com/en/Studio/Winners%20Chapel/Buea/studio-to-let-277,Studio,"Winners Chapel, Buea","35,000 FCFA",360
https://www.digitalrenter.com/en/Single%20Room/Santa%20Barbara/Buea/nice-room-to-let-269,Single Room,"Santa Barbara, Buea","14,000 FCFA",352
https://www.digitalrenter.com/en/Apartment/Winners%20Chapel/Buea/apartment-to-let-275,Apartment,"Winners Chapel, Buea","85,000 FCFA",321
https://www.digitalrenter.com/en/Single%20Room/Paramount%20-%20St%20Clair/Buea/room-in-quiet-environment-168,Single Room,"Paramount - St Clair, Buea","2,500 FCFA",321
https://www.digitalrenter.com/en/Single%20Room/Dirty%20South/Buea/nice-room-for-gce-markers-172,Single Room,"Dirty South, Buea","2,000 FCFA",316
https://www.digitalrenter.com/en/Single%20Room/Dirty%20South/Buea/room-with-external-toilet-177,Single Room,"Dirty South, Buea","1,500 FCFA",314
https://www.digitalrenter.com/en/Single%20Room/Malingo/Buea/clean-big-hostel-shared-room-185,Single Room,"Malingo, Buea","2,500 FCFA",308
https://www.digitalrenter.com/en/Single%20Room/Dirty%20South/Buea/large-and-decorated-room-173,Single Room,"Dirty South, Buea","3,000 FCFA",306
https://www.digitalrenter.com/en/Single%20Room/Molyko/Buea/shared-space-for-1-marker-182,Single Room,"Molyko, Buea","2,000 FCFA",305
https://www.digitalrenter.com/en/Single%20Room/Molyko/Buea/simple-room-with-mattress-181,Single Room,"Molyko, Buea","1,500 FCFA",303
https://www.digitalrenter.com/en/Apartment/Santa%20Barbara/Buea/apartment-to-let-264,Apartment,"Santa Barbara, Buea","65,000 FCFA",300
https://www.digitalrenter.com/en/Single%20Room/Malingo/Buea/room-kitchen-toilet-for-rent-190,Single Room,"Malingo, Buea","2,500 FCFA",299
https://www.digitalrenter.com/en/Single%20Room/Molyko/Buea/simple-room-for-gce-marker-188,Single Room,"Molyko, Buea","2,000 FCFA",297
https://www.digitalrenter.com/en/Single%20Room/Malingo/Buea/spacious-room-prepared-for-you-199,Single Room,"Malingo, Buea","3,000 FCFA",296
https://www.digitalrenter.com/en/Single%20Room/Dirty%20South/Buea/room-for-rentshared-space-178,Single Room,"Dirty South, Buea","2,000 FCFA",296
https://www.digitalrenter.com/en/Single%20Room/Dirty%20South/Buea/full-room-for-gce-markers-179,Single Room,"Dirty South, Buea","2,000 FCFA",295
https://www.digitalrenter.com/en/Single%20Room/Molyko/Buea/big-room-close-to-the-road-170,Single Room,"Molyko, Buea","3,500 FCFA",294
https://www.digitalrenter.com/en/Single%20Room/Molyko/Buea/big-room-close-to-the-road-169,Single Room,"Molyko, Buea","2,500 FCFA",293
https://www.digitalrenter.com/en/Single%20Room/Dirty%20South/Buea/simple-room-and-bathroom-192,Single Room,"Dirty South, Buea","2,500 FCFA",292
https://www.digitalrenter.com/en/Single%20Room/Dirty%20South/Buea/spacious-highly-secure-room-180,Single Room,"Dirty South, Buea","3,500 FCFA",292
https://www.digitalrenter.com/en/Single%20Room/Malingo/Buea/single-room-available-for-you-201,Single Room,"Malingo, Buea","2,500 FCFA",275
https://www.digitalrenter.com/en/Single%20Room/Molyko/Buea/clean-secure-and-calm-room-191,Single Room,"Molyko, Buea","3,500 FCFA",269
https://www.digitalrenter.com/en/Single%20Room/Dirty%20South/Buea/simple-room-and-bathroom-193,Single Room,"Dirty South, Buea","2,000 FCFA",265
https://www.digitalrenter.com/en/Single%20Room/Molyko/Buea/well-organized-room-ready-200,Single Room,"Molyko, Buea","2,500 FCFA",264
https://www.digitalrenter.com/en/Single%20Room/Malingo/Buea/room-in-calm-and-serene-env-197,Single Room,"Malingo, Buea","3,000 FCFA",263
https://www.digitalrenter.com/en/Single%20Room/Malingo/Buea/single-room-in-cleancalm-area-198,Single Room,"Malingo, Buea","3,000 FCFA",260
https://www.digitalrenter.com/en/Apartment/Great%20soppo/Buea/apartment-to-let-312,Apartment,"Great soppo, Buea","60,000 FCFA",216
https://www.digitalrenter.com/en/Single%20Room/Bakweri%20Town/Buea/single-room-to-let-323,Single Room,"Bakweri Town, Buea","12,000 FCFA",212
https://www.digitalrenter.com/en/Single%20Room/Great%20soppo/Buea/single-room-to-let-320,Single Room,"Great soppo, Buea","20,000 FCFA",212
https://www.digitalrenter.com/en/Single%20Room/Biaka%20Institute/Buea/room-to-let-296,Single Room,"Biaka Institute, Buea","25,000 FCFA",212
https://www.digitalrenter.com/en/Apartment/Sosoliso/Buea/apartment-to-let-282,Apartment,"Sosoliso, Buea","60,000 FCFA",212
https://www.digitalrenter.com/en/Apartment/Great%20soppo/Buea/clean-apartment-to-let-330,Apartment,"Great soppo, Buea","70,000 FCFA",209
https://www.digitalrenter.com/en/Single%20Room/Malingo/Buea/student-hostel-to-let-292,Single Room,"Malingo, Buea","380,000 FCFA",204
https://www.digitalrenter.com/en/Apartment/Great%20soppo/Buea/extremely-affordable-apartment-307,Apartment,"Great soppo, Buea","70,000 FCFA",195
https://www.digitalrenter.com/en/Store/Check%20Point/Buea/store-to-let-306,Store,"Check Point, Buea","60,000 FCFA",192
https://www.digitalrenter.com/en/Single%20Room/Santa%20Barbara/Buea/single-room-to-let-265,Single Room,"Santa Barbara, Buea","20,000 FCFA",190
https://www.digitalrenter.com/en/Apartment/Mile%2017/Buea/apartment-to-let-290,Apartment,"Mile 17, Buea","80,000 FCFA",188
https://www.digitalrenter.com/en/Apartment/Great%20soppo/Buea/3-bedrooms-apartment-to-let-310,Apartment,"Great soppo, Buea","50,000 FCFA",184
https://www.digitalrenter.com/en/Single%20Room/Bakweri%20Town/Buea/room-to-let-248,Single Room,"Bakweri Town, Buea","15,000 FCFA",184
https://www.digitalrenter.com/en/Apartment/Santa%20Barbara/Buea/apartment-to-let-332,Apartment,"Santa Barbara, Buea","65,000 FCFA",182
https://www.digitalrenter.com/en/Apartment/Boaster/Buea/nice-clean-apartment-to-let-326,Apartment,"Boaster, Buea","60,000 FCFA",182
https://www.digitalrenter.com/en/Single%20Room/Paramount%20-%20St%20Clair/Buea/single-room-to-let-297,Single Room,"Paramount - St Clair, Buea","300,000 FCFA",181
https://www.digitalrenter.com/en/Single%20Room/Dirty%20South/Buea/student-hostel-to-let-247,Single Room,"Dirty South, Buea","310,000 FCFA",179
https://www.digitalrenter.com/en/Single%20Room/Dirty%20South/Buea/student-hostel-to-let-240,Single Room,"Dirty South, Buea","300,000 FCFA",179
https://www.digitalrenter.com/en/Single%20Room/Bakweri%20Town/Buea/single-room-to-let-316,Single Room,"Bakweri Town, Buea","20,000 FCFA",176
https://www.digitalrenter.com/en/Single%20Room/Malingo/Buea/single-room-to-let-298,Single Room,"Malingo, Buea","330,000 FCFA",174
https://www.digitalrenter.com/en/Single%20Room/Sosoliso/Buea/sell-my-room-329,Single Room,"Sosoliso, Buea","20,000 FCFA",173
https://www.digitalrenter.com/en/Apartment/Check%20Point/Buea/apartment-to-let-301,Apartment,"Check Point, Buea","65,000 FCFA",173
https://www.digitalrenter.com/en/Single%20Room/Sosoliso/Buea/student-hostel-to-let-251,Single Room,"Sosoliso, Buea","270,000 FCFA",173
https://www.digitalrenter.com/en/Single%20Room/Santa%20Barbara/Buea/single-room-to-let-304,Single Room,"Santa Barbara, Buea","15,000 FCFA",171
https://www.digitalrenter.com/en/Single%20Room/Mile%2017/Buea/office-space-or-residence-room-244,Single Room,"Mile 17, Buea",,348
https://www.digitalrenter.com/en/Guest%20House/Bonduma/Buea/ebenezer-guest-house-229,"Ebenezer G - 
				
		  		Guest House","Bonduma, Buea",,347
https://www.digitalrenter.com/en/Single%20Room/Winners%20Chapel/Buea/single-room-to-let-278,Single Room,"Winners Chapel, Buea","18,000 FCFA",344
https://www.digitalrenter.com/en/Single%20Room/Sosoliso/Buea/student-hostel-to-let-258,Single Room,"Sosoliso, Buea","210,000 FCFA",319
https://www.digitalrenter.com/en/Single%20Room/Santa%20Barbara/Buea/simple-single-student-room-223,Single Room,"Santa Barbara, Buea","25,000 FCFA",312
https://www.digitalrenter.com/en/Single%20Room/Paramount%20-%20St%20Clair/Buea/clean-big-hostel-room-171,Single Room,"Paramount - St Clair, Buea","390,000 FCFA",302
https://www.digitalrenter.com/en/Single%20Room/Santa%20Barbara/Buea/single-room-to-let-270,Single Room,"Santa Barbara, Buea","22,000 FCFA",301
https://www.digitalrenter.com/en/Single%20Room/Buea/Buea/student-hostel-to-let-253,Single Room,Buea,"350,000 FCFA",299
https://www.digitalrenter.com/en/Apartment/Biaka%20Institute/Buea/apartment-to-let-294,Apartment,"Biaka Institute, Buea","50,000 FCFA",296
https://www.digitalrenter.com/en/Single%20Room/Sosoliso/Buea/student-hostel-to-let-267,Single Room,"Sosoliso, Buea","320,000 FCFA",296
https://www.digitalrenter.com/en/Apartment/Great%20soppo/Buea/apartment-to-let-317,Apartment,"Great soppo, Buea","50,000 FCFA",295
https://www.digitalrenter.com/en/Studio/Bakweri%20Town/Buea/studio-in-fenced-compound-315,Studio,"Bakweri Town, Buea","45,000 FCFA",293
https://www.digitalrenter.com/en/Studio/Dirty%20South/Buea/studio-for-rent-203,Studio,"Dirty South, Buea","45,000 FCFA",290
https://www.digitalrenter.com/en/Apartment/Buea/Buea/apartment-to-let-259,Apartment,Buea,"60,000 FCFA",288
https://www.digitalrenter.com/en/Apartment/Bakweri%20Town/Buea/apartment-to-let-254,Apartment,"Bakweri Town, Buea","55,000 FCFA",276
https://www.digitalrenter.com/en/Apartment/Winners%20Chapel/Buea/apartment-to-let-276,Apartment,"Winners Chapel, Buea","65,000 FCFA",272
https://www.digitalrenter.com/en/Studio/Mile%2017/Buea/studio-to-let-in-exposed-env-246,Studio,"Mile 17, Buea",,260
https://www.digitalrenter.com/en/Apartment/Great%20soppo/Buea/nice-clean-apartment-to-let-309,Apartment,"Great soppo, Buea","45,000 FCFA",254
https://www.digitalrenter.com/en/Store/Mile%2017/Buea/store-in-expose-area-245,Store,"Mile 17, Buea",,251
https://www.digitalrenter.com/en/Studio/Check%20Point/Buea/comfortable-and-clean-studio-289,Studio,"Check Point, Buea","50,000 FCFA",249
https://www.digitalrenter.com/en/Apartment/Biaka%20Institute/Buea/apartment-to-let-295,Apartment,"Biaka Institute, Buea","60,000 FCFA",223
https://www.digitalrenter.com/en/Apartment/Bokwango/Buea/apartment-to-let-242,Apartment,"Bokwango, Buea","100,000 FCFA",220
https://www.digitalrenter.com/en/Duplex/Federal%20Quarter/Buea/magnificent-secured-duplex-337,Duplex,"Federal Quarter, Buea","1,000,000 FCFA",218
https://www.digitalrenter.com/en/Single%20Room/Check%20Point/Buea/student-hostel-to-let-284,Single Room,"Check Point, Buea","16,000 FCFA",218
https://www.digitalrenter.com/en/Apartment/Limbe/Limbe/beautiful-apartment-for-rent-97,Apartment,Limbe,"80,000 FCFA",1194
https://www.digitalrenter.com/en/Apartment/Check%20Point/Buea/a-2-rooms-apartment-for-rent-86,Apartment,"Check Point, Buea",,1174
https://www.digitalrenter.com/en/Single%20Room/Malingo/Buea/comfortable-room-49,Single Room,"Malingo, Buea","32,000 FCFA",1170
https://www.digitalrenter.com/en/Apartment/Sandpit/Buea/cool-apartment-for-family-32,Apartment,"Sandpit, Buea","85,000 FCFA",1156
https://www.digitalrenter.com/en/Apartment/Winners%20Chapel/Buea/cute-apartment-42,Apartment,"Winners Chapel, Buea","75,000 FCFA",1063
https://www.digitalrenter.com/en/Studio/Molyko/Buea/studio-at-strategic-position-95,Studio,"Molyko, Buea","60,000 FCFA",1055
https://www.digitalrenter.com/en/Single%20Room/Dirty%20South/Buea/a-single-roomkitchen-toilet-82,Single Room,"Dirty South, Buea","300,000 FCFA",1038
https://www.digitalrenter.com/en/Single%20Room/Small%20Soppo/Buea/cool-room-with-calm-environmen-19,Single Room,"Small Soppo, Buea","11,000 FCFA",1030
https://www.digitalrenter.com/en/Single%20Room/Small%20Soppo/Buea/newly-constructed-room-toilet-22,Single Room,"Small Soppo, Buea","15,000 FCFA",1009
https://www.digitalrenter.com/en/Apartment/Kotto%20Block%20L/Douala/house-for-a-family-up-to-5-75,Apartment,"Kotto Block L, Douala","225,000 FCFA",1001
https://www.digitalrenter.com/en/Single%20Room/Dirty%20South/Buea/a-one-roomkitchen-andtoilet-83,Single Room,"Dirty South, Buea","350,000 FCFA",999
https://www.digitalrenter.com/en/Single%20Room/Small%20Soppo/Buea/single-spacious-room-26,Single Room,"Small Soppo, Buea","15,000 FCFA",985
https://www.digitalrenter.com/en/Single%20Room/Dirty%20South/Buea/single-roomkitchen-and-toilet-81,Single Room,"Dirty South, Buea","320,000 FCFA",982
https://www.digitalrenter.com/en/Single%20Room/Small%20Soppo/Buea/single-spacious-room-calm-env-25,Single Room,"Small Soppo, Buea","15,000 FCFA",980
https://www.digitalrenter.com/en/Apartment/Muea/Muea/newly-constructed-apartment-94,Apartment,Muea,"100,000 FCFA",950
https://www.digitalrenter.com/en/Duplex/Muea/Muea/super-duplex-12,Duplex,Muea,"150,000 FCFA",940
https://www.digitalrenter.com/en/Single%20Room/Small%20Soppo/Buea/affordable-room-with-toilet-21,Single Room,"Small Soppo, Buea","18,000 FCFA",933
https://www.digitalrenter.com/en/Apartment/Small%20Soppo/Buea/newly-constructed-apartment-100,Apartment,"Small Soppo, Buea","75,000 FCFA",917
https://www.digitalrenter.com/en/Apartment/Paramount%20-%20St%20Clair/Buea/beautiful-apartment-for-rent-57,Apartment,"Paramount - St Clair, Buea","65,000 FCFA",913
https://www.digitalrenter.com/en/Single%20Room/Small%20Soppo/Buea/spacious-bedroom-for-you-20,Single Room,"Small Soppo, Buea","12,000 FCFA",910
https://www.digitalrenter.com/en/Single%20Room/Bomaka/Buea/amazing-new-room-27,Single Room,"Bomaka, Buea","35,000 FCFA",862
https://www.digitalrenter.com/en/Single%20Room/Small%20Soppo/Buea/single-room-in-calm-environmen-18,Single Room,"Small Soppo, Buea","11,000 FCFA",847
https://www.digitalrenter.com/en/Studio/Mile%2018/Mile%2018/newly-constructed-studio-120,Studio,Mile 18,"50,000 FCFA",832
https://www.digitalrenter.com/en/Apartment/Mile%2018/Mile%2018/cool-apartment-for-rent-106,Apartment,Mile 18,"55,000 FCFA",818
https://www.digitalrenter.com/en/Single%20Room/Sosoliso/Buea/clean-room-in-fenced-compound-175,Single Room,"Sosoliso, Buea","2,000 FCFA",568
https://www.digitalrenter.com/en/Apartment/Check%20Point/Buea/2-bedrooms-spacious-apartment-187,Apartment,"Check Point, Buea","80,000 FCFA",531
https://www.digitalrenter.com/en/Studio/Bonduma/Buea/a-newly-built-studio-apartment-161,Studio,"Bonduma, Buea","60,000 FCFA",520
https://www.digitalrenter.com/en/Studio/Santa%20Barbara/Buea/studio-to-let-268,Studio,"Santa Barbara, Buea","40,000 FCFA",515
https://www.digitalrenter.com/en/Single%20Room/Molyko/Buea/new-hostel-around-ub-156,Single Room,"Molyko, Buea","30,000 FCFA",500
https://www.digitalrenter.com/en/Studio/Biaka%20Institute/Buea/a-studio-available-for-rent-159,Studio,"Biaka Institute, Buea","35,000 FCFA",494
https://www.digitalrenter.com/en/Studio/Buea/Buea/a-clean-big-and-new-studio-215,Studio,Buea,"35,000 FCFA",492
https://www.digitalrenter.com/en/Studio/Great%20soppo/Buea/new-clean-studio-in-quiet-env-209,Studio,"Great soppo, Buea","35,000 FCFA",454
https://www.digitalrenter.com/en/Apartment/Boaster/Buea/apartment-to-let-280,Apartment,"Boaster, Buea","80,000 FCFA",448
https://www.digitalrenter.com/en/Store/Malingo/Buea/big-stores-to-let-176,Store,"Malingo, Buea","30,000 FCFA",448
https://www.digitalrenter.com/en/Single%20Room/Bakweri%20Town/Buea/single-available-to-let-208,Single Room,"Bakweri Town, Buea",,400
https://www.digitalrenter.com/en/Studio/Buea/Buea/a-newly-built-studio-to-let-214,Studio,Buea,"40,000 FCFA",390
https://www.digitalrenter.com/en/Store/Molyko/Buea/store-in-busy-location-225,Store,"Molyko, Buea","400,000 FCFA",382
https://www.digitalrenter.com/en/Studio/Santa%20Barbara/Buea/nice-large-apartment-to-let-266,Studio,"Santa Barbara, Buea","40,000 FCFA",379
https://www.digitalrenter.com/en/Apartment/Buea/Buea/duplicate-lst-39-263,Apartment,Buea,"80,000 FCFA",378
https://www.digitalrenter.com/en/Guest%20House/Sandpit/Buea/westminster-suites-196,"Westminste - 
				
		  		Guest House","Sandpit, Buea",,376
https://www.digitalrenter.com/en/Studio/Sosoliso/Buea/super-cool-and-clean-space-194,Studio,"Sosoliso, Buea","3,500 FCFA",375
https://www.digitalrenter.com/en/Single%20Room/Sosoliso/Buea/cool-room-close-to-the-road-174,Single Room,"Sosoliso, Buea","2,000 FCFA",369
https://www.digitalrenter.com/en/Apartment/Great%20soppo/Buea/an-office-space-apartment-206,Apartment,"Great soppo, Buea","100,000 FCFA",355
https://www.digitalrenter.com/en/Single%20Room/Check%20Point/Buea/secure-room-close-to-lycee-167,Single Room,"Check Point, Buea","4,500 FCFA",346
https://www.digitalrenter.com/en/Single%20Room/Molyko/Buea/shared-space-for-1-marker-183,Single Room,"Molyko, Buea","3,000 FCFA",345
https://www.digitalrenter.com/en/Single%20Room/Check%20Point/Buea/rentmyroom-shared-room-space-165,Single Room,"Check Point, Buea","3,500 FCFA",341
https://www.digitalrenter.com/en/Single%20Room/Malingo/Buea/comfortable-room-for-gce-markr-184,Single Room,"Malingo, Buea","2,000 FCFA",329
https://www.digitalrenter.com/en/Apartment/Winners%20Chapel/Buea/new-apartment-to-let-274,Apartment,"Winners Chapel, Buea","40,000 FCFA",323
https://www.digitalrenter.com/en/Studio/Sandpit/Buea/beautify-studio-41,Studio,"Sandpit, Buea","50,000 FCFA",1429
https://www.digitalrenter.com/en/Studio/Check%20Point/Buea/studio-for-rent-87,Studio,"Check Point, Buea","45,000 FCFA",1425
https://www.digitalrenter.com/en/Apartment/Bonduma/Buea/residential-commercial-apmt-16,Apartment,"Bonduma, Buea","80,000 FCFA",1381
https://www.digitalrenter.com/en/Store/Malingo/Buea/store-to-let-52,Store,"Malingo, Buea","80,000 FCFA",1376
https://www.digitalrenter.com/en/Apartment/Bonduma/Buea/super-apartment-39,Apartment,"Bonduma, Buea","85,000 FCFA",1367
https://www.digitalrenter.com/en/Single%20Room/Dirty%20South/Buea/a-single-roomkitchen-toilet-88,Single Room,"Dirty South, Buea","400,000 FCFA",1343
https://www.digitalrenter.com/en/Single%20Room/Malingo/Buea/nyanga-nyanga-cite-room-55,Single Room,"Malingo, Buea","350,000 FCFA",1329
https://www.digitalrenter.com/en/Studio/Sosoliso/Buea/a-newly-construction-studio-76,Studio,"Sosoliso, Buea","400,000 FCFA",1257
https://www.digitalrenter.com/en/Single%20Room/Small%20Soppo/Buea/calm-cool-new-room-24,Single Room,"Small Soppo, Buea","15,000 FCFA",1220
https://www.digitalrenter.com/en/Apartment/Molyko/Buea/grandious-apartment-58,Apartment,"Molyko, Buea","150,000 FCFA",1196
https://www.digitalrenter.com/en/Apartment/Bonduma/Buea/beautify-apartment-51,Apartment,"Bonduma, Buea","70,000 FCFA",1149
https://www.digitalrenter.com/en/Single%20Room/Check%20Point/Buea/single-room-to-let-130,Single Room,"Check Point, Buea","20,000 FCFA",1124
https://www.digitalrenter.com/en/Single%20Room/Bonduma/Buea/simple-room-36,Single Room,"Bonduma, Buea","22,000 FCFA",1099
https://www.digitalrenter.com/en/Apartment/Bokwango/Buea/new-spacious-apartment-35,Apartment,"Bokwango, Buea","65,000 FCFA",1094
https://www.digitalrenter.com/en/Studio/Check%20Point/Buea/studio-in-calm-envt-for-rent-108,Studio,"Check Point, Buea","40,000 FCFA",1090
https://www.digitalrenter.com/en/Studio/Bonduma/Buea/conducive-studio-164,Studio,"Bonduma, Buea","40,000 FCFA",1077
https://www.digitalrenter.com/en/Single%20Room/Dirty%20South/Buea/single-rooms-to-let-in-molyko-80,Single Room,"Dirty South, Buea","300,000 FCFA",1070
https://www.digitalrenter.com/en/Single%20Room/Sosoliso/Buea/a-single-roomkitchen-toilet-79,Single Room,"Sosoliso, Buea","348,000 FCFA",1062
https://www.digitalrenter.com/en/Single%20Room/Santa%20Barbara/Buea/big-room-to-let-73,Single Room,"Santa Barbara, Buea","25,000 FCFA",1057
https://www.digitalrenter.com/en/Apartment/Sandpit/Buea/amazing-apartment-30,Apartment,"Sandpit, Buea","50,000 FCFA",1042
https://www.digitalrenter.com/en/Apartment/Sandpit/Buea/amazing-family-apartment-31,Apartment,"Sandpit, Buea","60,000 FCFA",1019
https://www.digitalrenter.com/en/Single%20Room/Bonduma/Buea/beautiful-newly-constructed-93,Single Room,"Bonduma, Buea","25,000 FCFA",1018
https://www.digitalrenter.com/en/Studio/Check%20Point/Buea/studio-to-let-128,Studio,"Check Point, Buea","50,000 FCFA",1004
https://www.digitalrenter.com/en/Single%20Room/Great%20soppo/Buea/beautiful-room-in-calm-env-92,Single Room,"Great soppo, Buea","30,000 FCFA",988
https://www.digitalrenter.com/en/Apartment/Bonduma/Buea/big-fenced-apartment-for-rent-60,Apartment,"Bonduma, Buea","100,000 FCFA",980
https://www.digitalrenter.com/en/Apartment/Buea%20Town/Buea/new-beautiful-apartment-4rent-98,Apartment,"Buea Town, Buea","90,000 FCFA",976
https://www.digitalrenter.com/en/Studio/Bakweri%20Town/Buea/new-studio-to-let-72,Studio,"Bakweri Town, Buea","35,000 FCFA",939
https://www.digitalrenter.com/en/Apartment/Sandpit/Buea/magnificent-3-bedroom-aptmt-135,Apartment,"Sandpit, Buea","130,000 FCFA",937
https://www.digitalrenter.com/en/Studio/Bakweri%20Town/Buea/studio-to-let-71,Studio,"Bakweri Town, Buea","35,000 FCFA",926
https://www.digitalrenter.com/en/Apartment/Bonduma/Buea/lovely-apartment-17,Apartment,"Bonduma, Buea",,879
https://www.digitalrenter.com/en/Single%20Room/Sosoliso/Buea/single-room-for-rent-in-soliso-78,Single Room,"Sosoliso, Buea","250,000 FCFA",875
https://www.digitalrenter.com/en/Apartment/Great%20soppo/Buea/family-apartment-at-campaign-s-133,Apartment,"Great soppo, Buea","100,000 FCFA",873
https://www.digitalrenter.com/en/Single%20Room/Bakweri%20Town/Buea/beautiful-room-for-rent-70,Single Room,"Bakweri Town, Buea","20,000 FCFA",871
https://www.digitalrenter.com/en/Apartment/Bonduma/Buea/clean-apt-in-calm-quite-env-85,Apartment,"Bonduma, Buea","100,000 FCFA",849
https://www.digitalrenter.com/en/Apartment/Bonduma/Buea/beautify-apartment-38,Apartment,"Bonduma, Buea","75,000 FCFA",822
https://www.digitalrenter.com/en/Single%20Room/Bonduma/Buea/cool-single-room-11,Single Room,"Bonduma, Buea","20,000 FCFA",816
https://www.digitalrenter.com/en/Apartment/Small%20Soppo/Buea/apartment-to-let-125,Apartment,"Small Soppo, Buea","80,000 FCFA",812
https://www.digitalrenter.com/en/Single%20Room/Check%20Point/Buea/a-single-room-available-to-let-127,Single Room,"Check Point, Buea","20,000 FCFA",803
https://www.digitalrenter.com/en/Studio/Bonduma/Buea/a-studio-to-let-126,Studio,"Bonduma, Buea","35,000 FCFA",802
https://www.digitalrenter.com/en/Studio/Sandpit/Buea/a-studio-to-let-138,Studio,"Sandpit, Buea","45,000 FCFA",790
https://www.digitalrenter.com/en/Apartment/Bonduma/Buea/beautify-apartment-37,Apartment,"Bonduma, Buea","60,000 FCFA",789
https://www.digitalrenter.com/en/Studio/Buea%20Town/Buea/studio-in-calm-envt-for-rent-99,Studio,"Buea Town, Buea","60,000 FCFA",783
https://www.digitalrenter.com/en/Apartment/Bakweri%20Town/Buea/a-2-bedroom-apartment-137,Apartment,"Bakweri Town, Buea","80,000 FCFA",650
https://www.digitalrenter.com/en/Studio/Sosoliso/Buea/clean-studio-to-let-153,Studio,"Sosoliso, Buea","40,000 FCFA",648
https://www.digitalrenter.com/en/Store/Sandpit/Buea/business-store-for-rent-139,Store,"Sandpit, Buea","50,000 FCFA",629
https://www.digitalrenter.com/en/Apartment/Great%20soppo/Buea/new-clean-apartmt-in-quiet-env-210,Apartment,"Great soppo, Buea","70,000 FCFA",606
https://www.digitalrenter.com/en/Apartment/Bakweri%20Town/Buea/an-apartment-for-rent-136,Apartment,"Bakweri Town, Buea","80,000 FCFA",578
https://www.digitalrenter.com/en/Studio/Great%20soppo/Buea/new-clean-studio-in-quiet-env-211,Studio,"Great soppo, Buea","40,000 FCFA",574
https://www.digitalrenter.com/en/Single%20Room/Paramount%20-%20St%20Clair/Buea/student-hostel-to-let-299,Single Room,"Paramount - St Clair, Buea","220,000 FCFA",166
https://www.digitalrenter.com/en/Apartment/Great%20soppo/Buea/apartment-to-let-314,Apartment,"Great soppo, Buea","65,000 FCFA",159
https://www.digitalrenter.com/en/Single%20Room/Check%20Point/Buea/single-room-to-let-286,Single Room,"Check Point, Buea","20,000 FCFA",158
https://www.digitalrenter.com/en/Apartment/Small%20Soppo/Buea/apartment-to-let-325,Apartment,"Small Soppo, Buea","50,000 FCFA",155
https://www.digitalrenter.com/en/Single%20Room/Boaster/Buea/single-room-to-let-327,Single Room,"Boaster, Buea","20,000 FCFA",150
https://www.digitalrenter.com/en/Single%20Room/Check%20Point/Buea/room-to-let-288,Single Room,"Check Point, Buea","15,000 FCFA",149
https://www.digitalrenter.com/en/Single%20Room/Dirty%20South/Buea/student-hostel-to-let-241,Single Room,"Dirty South, Buea","190,000 FCFA",146
https://www.digitalrenter.com/en/Single%20Room/Sosoliso/Buea/student-hostel-to-let-252,Single Room,"Sosoliso, Buea","350,000 FCFA",144
https://www.digitalrenter.com/en/Guest%20House/Federal%20Quarter/Buea/calm-secure-furnished-suites-331,"Calm & sec - 
				
		  		Guest House","Federal Quarter, Buea",,138
https://www.digitalrenter.com/en/Single%20Room/Sosoliso/Buea/student-hostel-to-let-249,Single Room,"Sosoliso, Buea","260,000 FCFA",137
https://www.digitalrenter.com/en/Single%20Room/Small%20Soppo/Buea/single-room-to-let-328,Single Room,"Small Soppo, Buea","25,000 FCFA",135
https://www.digitalrenter.com/en/Single%20Room/Sosoliso/Buea/student-hostel-to-let-250,Single Room,"Sosoliso, Buea","220,000 FCFA",133
https://www.digitalrenter.com/en/Apartment/Sokollo/Limbe/2-apartment-1-studio-for-sale-342,House - apartment(s),"Sokollo, Limbe","18,000,000 FCFA",70
https://www.digitalrenter.com/en/Apartment/Down%20Beach/Limbe/twin-4-rm-apartment-for-sale-340,House - apartment(s),"Down Beach, Limbe","20,000,000 FCFA",61
https://www.digitalrenter.com/en/Apartment/Mile%202/Limbe/house-extra-foundation-for-sale-341,House - apartment(s),"Mile 2, Limbe","14,000,000 FCFA",54
https://www.digitalrenter.com/en/Studio/Douala/Douala/modern-studio-338,Studio,Douala,"60,000 FCFA",30
https://www.digitalrenter.com/en/Apartment/Check%20Point/Buea/apartments-to-let-339,Apartment,"Check Point, Buea","90,000 FCFA",16
https://www.digitalrenter.com/en/Apartment/Limbe/Limbe/spacious-apartments-89,Apartment,Limbe,,2256
https://www.digitalrenter.com/en/Apartment/Muea/Muea/apartment-studio-house-for-sale-63,House - apartment(s),Muea,"17,000,000 FCFA",1896
https://www.digitalrenter.com/en/Studio/Bonduma/Buea/extra-large-studio-15,Studio,"Bonduma, Buea","60,000 FCFA",1718
https://www.digitalrenter.com/en/Apartment/Bonduma/Buea/magnificent-apartment-43,Apartment,"Bonduma, Buea","120,000 FCFA",1586
https://www.digitalrenter.com/en/Studio/Malingo/Buea/nyang-nyang-studios-for-rent-54,Studio,"Malingo, Buea","50,000 FCFA",1511
https://www.digitalrenter.com/en/Apartment/Bonduma/Buea/immaculately-presented-apartmt-50,Apartment,"Bonduma, Buea","60,000 FCFA",1443
https://www.digitalrenter.com/en/Studio/Bakweri%20Town/Buea/new-clean-studio-to-let-152,Studio,"Bakweri Town, Buea",  ,1433
https://www.digitalrenter.com/en/Studio/Bakweri%20Town/Buea/new-clean-studio-to-let-152,Studio,"Bakweri Town, Buea",,1433
